timestamp,open,high,low,close,volume,EMA9,EMA21,VWAP,RSI,MACD,MACD_Signal,ATR,ROC,OBV
2025-06-25 21:00:00,107818.77,108042.64,107596.62,107596.62,1.7391905,107655.62384324035,107561.92729952108,107564.42917149319,52.0365047438315,93.11475392039574,83.02863220096545,285.13773689551516,0.10621267879427855,-5.543825930000001
2025-06-25 21:15:00,107652.83,107707.3,107527.92,107527.92,1.09558746,107630.08307459229,107558.83572683734,107563.89456255738,49.91696994434307,78.19268537085736,82.06144283494385,277.5836128315501,0.11406315566412786,-6.6394133900000005
2025-06-25 21:30:00,107486.14,107643.29,107486.13,107492.7,1.98720085,107602.60645967384,107552.82338803395,107562.05255497812,48.81912817282358,62.800948639793205,78.20934399591373,268.98192620072433,-0.007990601787193909,-8.62661424
2025-06-25 21:45:00,107483.86,107585.27,107466.45,107511.32,0.73720061,107584.34916773907,107549.05035275813,107561.57024451013,49.45207881410756,51.51157144435274,72.86978948560153,258.25607432924454,0.09296959560925862,-7.88941363
2025-06-25 22:00:00,107512.03,107512.03,107344.18,107405.4,1.2934833,107548.55933419126,107535.99122978012,107559.00795150634,45.969395864023745,33.630132656529895,65.02185811978721,251.79849759144176,-0.26568480043740667,-9.18289693
2025-06-25 22:15:00,107398.07,107426.1,107362.79,107381.19,0.53366925,107515.08546735301,107521.9183907092,107557.81234710322,45.18608242443435,17.305926966277184,55.478671889085206,238.33503347776823,-0.4571430478409455,-9.716566180000001
2025-06-25 22:30:00,107331.72,107355.88,107244.97,107256.97,1.5861884,107463.46237388242,107497.832173372,107551.91794355649,41.297658314528455,-5.590199166719685,43.26489767792423,231.0411025150706,-0.4047529241957168,-11.30275458
2025-06-25 22:45:00,107256.97,107326.46,107220.01,107270.84,0.83468267,107424.93789910595,107477.19652124727,107549.04954464028,41.89886413908801,-22.35861480748281,30.140195180842824,222.14173804970923,-0.4157588622735811,-10.46807191
2025-06-25 23:00:00,107240.9,107368.53,107092.27,107368.53,2.05751927,107413.65631928477,107467.31774658842,107544.61989147669,46.08698946562675,-27.44852888720925,18.62245036723241,226.00732818901534,-0.3027080391176785,-8.41055264
2025-06-25 23:15:00,107377.51,107377.62,107167.86,107189.14,1.08395238,107368.75305542783,107442.02886053492,107540.08310335096,40.33694905838629,-45.433862950943876,5.811187703597152,224.84680474694247,-0.4804163311099492,-9.49450502
2025-06-25 23:30:00,107172.8,107254.17,107172.8,107214.3,0.05278721,107337.86244434227,107421.32623684993,107539.88074986843,41.44048658588962,-57.00010630057659,-6.751071097237596,214.59846155073197,-0.42111975818934333,-9.44171781
2025-06-25 23:45:00,107251.01,107375.62,107139.12,107342.52,1.07982189,107338.79395547383,107414.16203349993,107537.40456542591,46.83708672043543,-55.184027941475506,-16.43766246608518,216.1628571542511,-0.4221615323532265,-8.36189592
2025-06-26 00:00:00,107380.58,107530.0,107380.58,107530.0,0.36056352,107377.03516437906,107424.6927577272,107537.37367415304,53.57409409807841,-38.17662719923828,-20.785455412715798,214.11408164323285,-0.06191644310015997,-8.0013324
2025-06-26 00:15:00,107557.41,107619.1,107418.65,107423.91,0.90338764,107386.41013150326,107424.62159793382,107536.19994081216,49.73339284500233,-32.879699242213974,-23.204304178615438,213.1380758115742,-0.09672836599089311,-8.90472004
2025-06-26 00:30:00,107391.83,107414.95,107332.34,107393.0,0.50076536,107387.72810520262,107421.74690721255,107535.38348562221,48.6393047596536,-30.820742019583122,-24.727591746808976,204.45464182503366,-0.09275048445149958,-9.405485400000002
2025-06-26 00:45:00,107463.54,107463.54,107265.5,107297.98,0.58775274,107369.7784841621,107410.49537019322,107533.80536420972,45.33742144984968,-36.43630838909303,-27.069335075265787,203.9964531232451,-0.1984349182951256,-9.993238140000003
2025-06-26 01:00:00,107291.96,107291.96,107205.42,107233.26,0.91558953,107342.47478732969,107394.38306381201,107530.72504716329,43.186943485886076,-45.583589067318826,-30.772185873676396,196.03670647158455,-0.16027127127686266,-10.908827670000003
2025-06-26 01:15:00,107239.91,107486.13,107103.04,107486.13,0.99551768,107371.20582986376,107402.72369437457,107530.23356558192,52.639294249163775,-32.05882505091722,-31.02951370912456,209.3976560093293,0.09772661301295164,-9.913309990000002
2025-06-26 01:30:00,107491.47,107890.59,107331.54,107647.36,4.99710803,107426.43666389101,107424.96335852233,107536.37345718483,57.49512605996732,-8.235504809563281,-26.470711929212307,234.37282343723456,0.3639763457796723,-4.916201960000002
2025-06-26 01:45:00,107649.75,107706.89,107544.5,107664.62,0.81117206,107474.07333111281,107446.7503259294,107537.45555303925,57.99167318893703,11.900207685044734,-18.7965280063609,229.23119319171775,0.3670895091340749,-4.105029900000003
2025-06-26 02:00:00,107716.71,107930.22,107716.71,107799.22,1.68865059,107539.10266489025,107478.79302357219,107541.97406463127,61.74486242928061,38.277757842530264,-7.381670836582669,231.82896510659546,0.4011324361058145,-2.4163793100000026
2025-06-26 02:15:00,107790.28,107851.34,107722.66,107730.58,0.75858069,107577.3981319122,107501.68274870198,107543.42533187183,58.85697719240818,53.03216029818577,4.70109539037102,224.46118188469526,0.5051257991248016,-3.1749600000000027
2025-06-26 02:30:00,107705.9,107808.77,107680.73,107680.73,0.54286402,107598.06450552976,107517.95977154725,107544.17726929662,56.7799292479376,60.01088404210168,15.763053120717153,217.5739546072176,0.435044578941422,-3.717824020000003
2025-06-26 02:45:00,107650.78,108057.47,107576.74,107990.87,2.25485696,107676.62560442381,107560.9516104975,107554.11220366922,65.04482456622392,89.53517319711682,30.51747713599709,236.37081499241603,0.6040010985395081,-1.4629670600000027
2025-06-26 03:00:00,107992.32,108263.03,107963.39,108093.11,1.73995879,107759.92248353906,107609.32964590682,107563.20657760868,67.26703398961595,119.80229235620936,48.37444018003955,240.8900424929577,0.523677113363713,0.2769917299999973
2025-06-26 03:15:00,108092.03,108122.03,107812.78,107911.46,1.16282094,107790.22998683125,107636.79604173347,107567.08973809922,59.972090511056,127.65998067337205,64.23154827870606,245.7728966006036,0.4538561294222142,-0.8858292100000027
2025-06-26 03:30:00,107919.41,107930.22,107805.16,107876.65,0.75342302,107807.513989465,107658.60094703043,107569.3101566869,58.659257411242535,129.58460849254334,77.30216032147352,237.15054684341746,0.4503552373059642,-1.6392522300000028
2025-06-26 03:45:00,107898.29,107912.78,107791.27,107878.39,1.32116784,107821.689191572,107678.58177002765,107573.14944730961,58.707915723769,129.75456352473702,87.79264096212623,228.89050778317298,0.54093283023595,-0.31808439000000277
2025-06-26 04:00:00,107880.85,107957.79,107744.78,107828.15,1.61429964,107822.98135325761,107692.17888184333,107576.96190915685,56.63515150729189,124.40128540436854,95.11436985057469,227.75618579866025,0.5547625801920033,-1.9323840300000028
2025-06-26 04:15:00,107808.06,107819.36,107752.72,107819.36,0.21006857,107822.2570826061,107703.74080167574,107577.43258985608,56.26088263439541,118.08824658751837,99.70914519796344,216.87574395589832,0.3100213953186294,-2.142452600000003
2025-06-26 04:30:00,107849.31,107934.82,107727.27,107798.29,1.27511902,107817.46366608488,107712.33618334158,107580.00541286754,55.317216637438186,110.11560082974029,101.79043632431882,216.20961938762008,0.14020780444591768,-3.417571620000003
2025-06-26 04:45:00,107705.9,107867.96,107695.5,107830.07,0.8055853,107819.9849328679,107723.03925758327,107581.83236166577,56.502308496285906,105.14950400151429,102.46224985975792,213.0846465742191,0.15367165183884146,-2.6119863200000033
2025-06-26 05:00:00,107746.89,107812.76,107718.49,107788.61,0.16393328,107813.70994629432,107729.0002341666,107582.13932616607,54.47252646623739,96.75305202495656,101.32041029279766,205.83431467606073,-0.009842371772263827,-2.7759196000000035
2025-06-26 05:15:00,107788.22,107807.38,107645.95,107645.95,0.62678344,107780.15795703547,107721.45021287871,107582.49946524897,48.07307539508322,77.69175145044574,96.59467852432729,202.66257791348548,-0.07855708193532854,-3.4027030400000036
2025-06-26 05:30:00,107668.25,107692.25,107528.72,107547.58,0.41049757,107733.64236562839,107705.64382988974,107582.37086694187,44.21574134925466,54.025128476685495,88.08076851479893,199.86739377680786,-0.12365257924978237,-3.8132006100000035
2025-06-26 05:45:00,107534.62,107630.36,107534.62,107578.48,0.33291711,107702.60989250272,107694.08348171794,107582.35928065193,45.689907312306666,37.332188785250764,77.93105256888931,192.4297227927505,-0.38187487516305724,-3.4802835000000036
2025-06-26 06:00:00,107558.81,107723.06,107558.81,107718.67,0.44974915,107705.82191400218,107696.31861974359,107582.9054391155,51.9003159483148,35.01148459639808,69.34713897439107,190.4168854504112,-0.3464050576396612,-3.0305343500000035
2025-06-26 06:15:00,107688.96,107767.79,107664.36,107696.78,0.23309964,107704.01353120175,107696.36056340326,107583.14142481709,50.92116118526733,31.04806696016749,61.687324571546355,184.20353648966707,-0.19894087245229336,-3.2636339900000033
2025-06-26 06:30:00,107722.68,107803.76,107719.61,107740.76,0.30751947,107711.36282496141,107700.39687582114,107583.5711706447,52.845998541384986,31.097377165860962,55.56933509040928,178.6875695975477,-0.12596794579735227,-2.9561145200000034
2025-06-26 06:45:00,107797.65,107797.65,107696.25,107752.48,0.19950027,107719.58625996913,107705.13170529195,107583.86940659855,53.37082361365377,31.71655322825245,50.79877871797792,173.16702891200816,-0.11671475631032638,-2.7566142500000033
2025-06-26 07:00:00,107805.05,107884.36,107770.82,107816.23,0.9061767,107738.91500797532,107715.2315502654,107585.71812326586,56.2248681466461,36.925690562289674,48.02416108684027,170.21795541829366,-0.011054627200780365,-1.8504375500000032
2025-06-26 07:15:00,107824.64,108086.18,107803.2,107974.72,1.85889942,107786.07600638026,107738.82140933217,107591.96512478485,62.38841858836632,53.22919484891463,49.06516783925515,178.27238717412953,0.14409286050297515,0.008461869999996763
2025-06-26 07:30:00,107990.85,108055.84,107908.88,107994.71,0.74558004,107827.8028051042,107762.0840084838,107594.54263245505,63.09423749318519,66.99063900683541,52.650262072771206,176.03578809026254,0.18221068256278722,0.7540419099999968
2025-06-26 07:45:00,108055.4,108088.17,107816.76,107854.07,0.31854083,107833.05624408337,107770.4463713489,107595.25031434723,55.2399670646529,65.78982586551865,55.2781748313207,182.84823179810118,0.022257242344366462,0.43550107999999677
2025-06-26 08:00:00,107846.63,108096.25,107846.63,108094.18,0.84305157,107885.2809952667,107799.87670122627,107598.82518509815,63.576475519825365,83.2533503175946,60.87320992857548,187.61764381252218,0.28349006448825387,1.2785526499999968
2025-06-26 08:15:00,108090.18,108164.78,107797.49,107871.05,3.32181799,107882.43479621338,107806.34700111479,107606.29963539085,53.5881058899421,78.18729853141122,64.33602764914264,200.45138354019872,0.20911144357962916,-2.043265340000003
2025-06-26 08:30:00,107832.67,107962.57,107714.83,107786.58,0.67660945,107863.26383697071,107804.55000101344,107607.30226409106,50.362337035537955,66.58879871567478,64.78658186244907,203.82914185875634,0.22222722259301417,-2.719874790000003
2025-06-26 08:45:00,107783.01,107810.21,107738.71,107738.71,0.69638819,107838.35306957658,107798.56454637586,107608.05017028582,48.577709904111394,52.92411881768203,62.41408925349566,194.37706029741662,0.14894242789079237,-3.416262980000003
2025-06-26 09:00:00,107756.46,107800.07,107281.23,107309.42,5.23479304,107732.56645566128,107754.09686034168,107595.79797445351,36.19188688840288,7.369693042142899,51.405210011225115,217.55298456188763,-0.37992485425228517,-8.651056020000002
2025-06-26 09:15:00,107317.58,107485.78,107317.58,107414.68,0.73857462,107668.98916452903,107723.24078212879,107594.75558515084,40.216867366301315,-20.008272372215288,37.122513534537035,214.61062852175286,-0.2619391220424657,-7.9124814000000026
2025-06-26 09:30:00,107430.03,107497.78,107407.84,107407.84,0.86643104,107616.75933162324,107694.56798375344,107593.50206536452,40.04011687404039,-41.77587180089904,21.34283646744982,205.7055836273421,-0.30900097604657534,-8.778912440000003
2025-06-26 09:45:00,107392.18,107392.18,107303.66,107329.58,0.73787202,107559.3234652986,107661.38725795767,107592.00329498052,37.98321964427386,-64.59714346949477,4.154840480060905,198.4537562253886,-0.3924735653415997,-9.516784460000002
2025-06-26 10:00:00,107311.85,107458.41,107247.14,107357.64,0.65358099,107518.98677223889,107633.77387087062,107590.83032123403,39.18944575433679,-79.50250282844354,-12.576628181639986,199.36920220928968,-0.4253441249058667,-8.863203470000002
2025-06-26 10:15:00,107368.0,107369.6,107288.62,107366.46,1.20000307,107488.48141779112,107609.47260988239,107588.7872927505,39.58719931921573,-89.57088975833904,-27.975480496979795,190.9128306229126,-0.5633355659546927,-7.663200400000002
2025-06-26 10:30:00,107377.94,107395.71,107316.83,107366.58,0.39534268,107464.1011342329,107587.39146352943,107588.1226966414,39.59298853601296,-96.42890356657153,-41.66616511089815,182.91048557841918,-0.5816303409676313,-7.267857720000002
2025-06-26 10:45:00,107385.58,107420.0,107316.91,107378.8,0.3050758,107447.04090738634,107568.42860320858,107587.6406948277,40.22120976618881,-99.72827160930319,-53.278586410579166,177.20902232281756,-0.44066023655853137,-6.962781920000002
2025-06-26 11:00:00,107370.19,107370.19,107326.19,107348.85,0.71551283,107427.40272590908,107548.46691200779,107586.35800905584,39.14665098697205,-103.5659158409544,-63.336052296654216,168.30909215690207,-0.6895190841912,-7.678294750000002
2025-06-26 11:15:00,107298.91,107301.66,107183.8,107213.97,0.21906421,107384.71618072726,107518.05810182526,107585.74659006763,34.65618679707627,-116.15203692454088,-73.89924922223156,168.0762998599807,-0.6091347029624739,-7.897358960000002
2025-06-26 11:30:00,107184.84,107244.96,107137.59,107137.59,0.36803029,107335.29094458181,107483.47009256842,107584.51380078122,32.390347956661316,-130.78227951796725,-85.27585528137871,163.7401355842685,-0.6021064960034962,-8.265389250000002
2025-06-26 11:45:00,107119.02,107386.64,107119.02,107317.15,0.72257115,107331.66275566546,107468.35008415309,107583.07758561434,41.99209097597832,-126.43044930462202,-93.50677408602738,171.16012589967755,-0.3912799772709476,-7.542818100000002
2025-06-26 12:00:00,107347.43,107432.67,107231.16,107291.03,0.43467121,107323.53620453237,107452.2300765028,107582.13688886414,41.07818630496607,-123.66373960125202,-99.53816718907231,173.32797404970023,-0.01713735849098748,-7.977489310000002
2025-06-26 12:15:00,107278.96,107278.96,107097.0,107216.37,0.56469865,107302.1029636259,107430.78825136619,107580.6126861281,38.49900207266839,-126.04259963877848,-104.83905367901356,174.80669018900727,-0.1846209475278404,-8.542187960000001
2025-06-26 12:30:00,107199.29,107320.91,107037.56,107311.93,2.03709529,107304.06837090073,107419.98295578745,107576.6335146817,43.39767261990556,-118.84697602555389,-107.64063814832164,182.55978374693572,-0.08929515759743749,-6.505092670000002
2025-06-26 12:45:00,107266.97,107277.98,107116.2,107133.27,0.45016591,107269.90869672058,107393.91814162495,107575.1872254275,37.399752590233874,-126.10707745648688,-111.3339260099547,183.50051347929715,-0.18290391148460441,-6.9552585800000015
2025-06-26 13:00:00,107121.94,107209.34,107024.85,107047.1,1.2460857,107225.34695737647,107362.38921965905,107570.46145898588,34.894752204768906,-137.2320335353579,-116.51354751503536,183.57119108791812,-0.28925747622618525,-8.20134428
2025-06-26 13:15:00,107025.35,107125.8,107020.11,107113.01,0.52272213,107202.87956590118,107339.71838150822,107568.75062719239,38.29892577158066,-139.12649161953595,-121.03613633593548,178.0082488673527,-0.2360606841279964,-7.678622150000001
2025-06-26 13:30:00,107057.47,107359.88,107009.92,107235.8,4.06711063,107209.46365272095,107330.27125591657,107559.3360657415,44.15707252929085,-129.23005289210414,-122.67491964716922,190.2905168053994,-0.12180699059241604,-3.6115115200000005
2025-06-26 13:45:00,107269.11,107289.95,106819.13,106984.55,5.70313642,107164.48092217676,107298.84205083323,107537.41473471982,36.51710348629629,-140.04646069377486,-126.14922785649036,210.3283370335846,-0.36715813549788223,-9.31464794
2025-06-26 14:00:00,106993.23,107153.76,106894.6,106986.98,3.16449004,107128.98073774143,107270.49095530294,107526.00798339001,36.63129951814103,-146.73103705470567,-130.26558969613342,213.81631295975635,-0.3370972301985628,-6.1501579
2025-06-26 14:15:00,107004.39,107281.38,106990.41,107281.38,1.058604,107159.46059019315,107271.48086845722,107524.32379083418,48.67678589261238,-126.81119190096797,-129.57471013710034,219.57229060548866,0.06287426909012277,-5.0915539
2025-06-26 14:30:00,107316.36,107724.02,107309.2,107649.75,5.64872702,107257.51847215452,107305.86897132474,107528.76828560534,59.14218526692353,-80.37369279873383,-119.73450666942703,235.5056984193823,0.47803950042184407,0.5571731199999999
2025-06-26 14:45:00,107654.55,107757.87,107395.25,107415.99,2.22496704,107289.21277772363,107315.87997393157,107527.21585269361,51.90862487016236,-61.722618655418046,-108.13212906662524,244.5852913894261,0.0921008431550885,-1.6677939200000003
2025-06-26 15:00:00,107402.5,107504.07,107332.46,107351.04,1.10515975,107301.57822217891,107319.07633993779,107526.01945411655,50.07598192749165,-51.58775864391646,-96.82325498208348,239.3727705758957,0.05593198238472943,-2.7729536700000006
2025-06-26 15:15:00,107351.04,107400.0,106903.19,106934.24,2.9477698,107228.11057774314,107284.09121812525,107515.49106868071,40.25433660565526,-76.30844941957912,-92.72029386958262,257.7611441061887,-0.26314078717642664,-5.720723470000001
2025-06-26 15:30:00,106936.71,107047.93,106551.78,106924.36,3.59282005,107167.36046219451,107251.38838011386,107502.9449066089,40.0537913824212,-95.59504818207643,-93.29524473208139,274.78891952717476,-0.36116208142001777,-9.313543520000001
2025-06-26 15:45:00,106953.28,107324.97,106953.28,107297.11,1.54922318,107193.31036975562,107255.5448910126,107501.07823395944,50.14520436038354,-79.88118626458163,-90.61243303858143,283.776139560948,0.15293101760078498,-7.764320340000001
2025-06-26 16:00:00,107308.8,107413.33,107142.88,107177.26,1.71417786,107190.10029580451,107248.42808273873,107497.86119610713,47.383227909455435,-76.22011283902975,-87.7339689986711,282.82427244945154,0.12159133689748619,-9.4784982
2025-06-26 16:15:00,107167.97,107298.97,107033.12,107289.95,0.90698902,107210.07023664362,107252.20280248974,107496.77401478332,50.16278958414621,-63.493629524542484,-82.88590110384538,281.61182441734826,0.16519001753381996,-8.571509180000001
2025-06-26 16:30:00,107252.47,107252.47,107067.17,107174.67,1.93633161,107202.9901893149,107245.15436589977,107493.21789362005,47.403989210687875,-61.99528926931089,-78.70777873693848,277.4095512446805,-0.05700521654149515,-10.507840790000001
2025-06-26 16:45:00,107172.52,107203.47,107014.16,107203.47,0.61781412,107203.08615145193,107241.3648780907,107492.20082172597,48.170883676604014,-57.817441043502185,-74.52971119825122,271.11672615577453,0.20462767754783118,-9.890026670000001
2025-06-26 17:00:00,107220.4,107442.33,107199.89,107340.05,1.71456392,107230.47892116156,107250.33625280972,107490.73293920424,51.762938417077464,-42.99003925923898,-68.22177681044877,269.06838857321935,0.3300121192317112,-8.175462750000001
2025-06-26 17:15:00,107325.15,107373.79,107251.14,107339.95,0.84505283,107252.37313692925,107258.48295709975,107490.01936486905,51.76010987979967,-30.891191260074265,-60.75565970037387,258.6099322465604,0.05459474887440153,-9.020515580000001
2025-06-26 17:30:00,107358.6,107377.8,107254.36,107289.16,1.62579785,107259.73050954341,107261.2717791816,107488.2070839382,50.25796849672636,-25.111624408746138,-53.62685264204833,248.95493708609197,-0.3349659427913177,-10.646313430000001
2025-06-26 17:45:00,107293.84,107345.26,107148.2,107199.2,2.98222484,107247.62440763474,107255.62889016508,107483.50178883549,47.62177596070925,-27.473597680131206,-48.3962016496649,245.24815586565666,-0.20182283848057272,-13.628538270000002
2025-06-26 18:00:00,107199.2,107598.68,107170.8,107562.91,1.68026454,107310.6815261078,107283.56353651371,107484.22358639381,57.36000199029966,0.0028460266767069697,-38.716392114396584,258.2932875895376,0.1973618513616728,-11.948273730000002
2025-06-26 18:15:00,107590.81,107590.81,107219.2,107322.73,1.65260858,107313.09122088624,107287.12412410337,107482.79261077834,50.66155834340108,2.3702837339951657,-30.499056944718237,266.38733847599923,0.36329804186198045,-13.600882310000003
2025-06-26 18:30:00,107309.34,107347.59,107177.88,107347.59,0.85570609,107319.990976709,107292.62102191214,107482.1751226276,51.29554829718675,6.181235969255795,-23.16299836192343,259.48181429914155,0.39582186884260606,-12.745176220000003
2025-06-26 18:45:00,107393.68,107404.81,107231.66,107404.81,0.35185796,107336.95478136721,107302.82001992012,107482.03010636666,52.79896671493214,13.661141726581263,-15.798170344222493,253.31525613491675,0.10037549007610463,-12.393318260000003
2025-06-26 19:00:00,107466.5,107505.66,107339.76,107370.32,0.96634844,107343.62782509378,107308.95638174556,107481.45796900302,51.761795243604254,16.614445191982668,-9.31564723698146,247.0713092681376,0.180131494311398,-13.359666700000002
2025-06-26 19:15:00,107367.37,107549.28,107367.37,107468.42,0.79041552,107368.58626007504,107323.45307431415,107481.40357838936,54.4995903457174,26.564589557252475,-2.139599878134674,242.41693003469945,0.16634363237190544,-12.569251180000002
2025-06-26 19:30:00,107552.67,107609.2,107525.67,107576.04,1.06250656,107410.07700806003,107346.41552210377,107481.93131821064,57.358811634603896,42.64262756930839,6.81684561135394,235.1571493179351,0.37450080322150314,-11.506744620000003
2025-06-26 19:45:00,107610.04,107675.53,107485.27,107541.32,1.61711617,107436.32560644802,107364.13411100343,107482.43112758062,56.13328064109935,51.98373851813085,15.850224192709323,231.95021008093937,0.3151483809246154,-13.123860790000002
2025-06-26 20:00:00,107519.22,107634.54,107461.6,107541.92,1.52970065,107457.44448515843,107380.29646454856,107482.90097620666,56.15071648100734,58.75772870858782,24.43172509588502,227.73519507515712,0.18806587103322137,-11.594160140000001
2025-06-26 20:15:00,107564.16,107642.69,107527.52,107619.09,1.63426,107489.77358812674,107402.00496777141,107484.04051693012,58.43882923947936,69.55139363036142,33.455658802780306,219.69482399836008,0.2600522918074766,-9.959900140000002
2025-06-26 20:30:00,107662.32,107950.09,107662.32,107950.09,2.49422576,107581.8368705014,107451.83087979219,107489.91708011721,66.51086426646387,103.61991864166339,47.48851077055693,227.64519371276293,0.6160268194848324,-7.465674380000002
2025-06-26 20:45:00,107956.64,108034.96,107705.9,107782.3,2.08043694,107621.92949640114,107481.87352708381,107492.96019508484,60.134916630213425,115.74597192810324,61.140003002066194,234.88910844756646,0.5439406264225907,-9.546111320000001
2025-06-26 21:00:00,107774.37,107819.38,107394.12,107416.06,1.46642518,107580.75559712091,107475.8904791671,107492.4001477815,49.07614320665649,94.71167211630382,67.85433682491372,248.48702927274095,-0.13652475560581787,-11.012536500000001
2025-06-26 21:15:00,107375.83,107438.96,107155.43,107317.37,1.85338149,107528.07847769673,107461.47952651554,107490.80376937732,46.5897887329917,69.27976574390777,68.13942260871254,250.99009861040327,-0.004994282199120897,-12.865917990000002
2025-06-26 21:30:00,107231.93,107247.82,106838.84,106993.43,3.06579368,107421.1487821574,107418.92956955958,107483.41144992417,39.513379951140095,22.723602452213527,59.05625857741274,267.2429487096601,-0.329918911081286,-15.931711670000002
2025-06-26 21:45:00,106949.83,107091.1,106948.9,107007.05,0.53778561,107338.32902572592,107381.48597232689,107482.17273914338,39.92652460985177,-12.924486764386529,44.66010950905289,258.31130951611374,-0.370337231637945,-15.393926060000002
2025-06-26 22:00:00,106972.23,107205.52,106970.09,107028.65,2.36722832,107276.39322058074,107349.40997484262,107477.04033879249,40.619232223172794,-38.98353687123745,27.93138023299482,256.6769302649633,-0.31821643076039335,-13.026697740000001
2025-06-26 22:15:00,107008.17,107245.45,106963.67,107178.92,2.07112069,107256.89857646459,107333.91088622056,107474.11753644714,45.34127501721732,-46.96856431252672,12.951391323890514,258.47000667460867,-0.26938146108410266,-10.955577050000002
2025-06-26 22:30:00,107176.15,107221.35,106961.94,106972.54,2.64234737,107200.02686117167,107301.05898747324,107467.92124404499,40.56965915056022,-69.15274747238436,-3.469436435364461,258.537149054994,-0.5609985271813315,-13.597924420000002
2025-06-26 22:45:00,106968.36,107105.06,106951.6,106991.76,1.29501686,107158.37348893734,107272.94089770294,107465.05566846339,41.19037185932393,-84.21223288284091,-19.617995724859753,251.03163840820815,-0.511022181985503,-12.302907560000001
2025-06-26 23:00:00,107002.34,107020.47,106869.28,106915.81,2.38963419,107109.86079114988,107240.47445245722,107459.02335002954,39.437497286112816,-101.10998090660723,-35.91639276120925,243.90009280762203,-0.5822008757143267,-14.692541750000002
2025-06-26 23:15:00,106915.09,107076.31,106915.09,106994.65,1.88016966,107086.81863291992,107218.1267749611,107455.0449015275,42.187785784374206,-106.90747601461771,-50.11460941189095,237.99437189279197,-0.5802316299087851,-12.812372090000002
2025-06-26 23:30:00,106997.28,107078.5,106941.21,106963.87,1.19578006,107062.22890633595,107195.01252269192,107452.38309229465,41.39737309207913,-112.68673883697193,-62.629035296907155,230.80120247187782,-0.913588863149629,-14.008152150000003
2025-06-26 23:45:00,106941.15,107001.74,106879.79,106979.63,1.29017659,107045.70912506877,107175.4322933563,107449.63493850964,41.99660218361835,-114.6732639674592,-73.03788103101758,223.02611658103024,-0.7447141135418323,-12.717975560000003
2025-06-27 00:00:00,106971.8,107161.88,106939.55,107024.65,0.7932558,107041.49730005502,107161.72481214209,107448.12139527123,43.765538929941535,-111.33150144612591,-80.69660511403924,222.97639396809964,-0.36438685239432866,-11.924719760000002
2025-06-27 00:15:00,107034.61,107195.83,107034.61,107183.8,0.49917203,107069.95784004402,107163.7316474019,107447.53035319931,49.615363399450366,-94.74884988159465,-83.50705406755033,219.27665154180735,-0.12446261029318222,-11.425547730000002
2025-06-27 00:30:00,107141.44,107181.6,106899.55,106899.55,0.88550818,107035.87627203522,107139.71513400173,107445.36527246107,41.34313976484221,-103.35219865717227,-87.47608298547472,223.91760500310684,-0.08774370538451763,-12.311055910000002
2025-06-27 00:45:00,106922.23,106938.84,106626.17,106626.17,1.15201644,106953.93501762819,107093.02921272884,107441.17602488551,35.25508195168244,-130.7230024140299,-96.12546687118576,230.2570617885991,-0.35593916475597137,-13.463072350000003
2025-06-27 01:00:00,106678.37,106950.45,106442.41,106884.16,2.31461865,106939.98001410256,107074.04110248077,107435.51105544704,43.683258890257704,-130.09724464616738,-102.9198224261821,250.09870023227012,-0.13500123565044564,-11.148453700000003
2025-06-27 01:15:00,106922.03,107074.06,106841.42,107017.85,1.3499823,106955.55401128206,107068.93282043707,107433.0482279196,47.49734062039468,-117.45965956141299,-105.82778985322828,248.85165021567937,-0.15028141727868916,-9.798471400000002
2025-06-27 01:30:00,107020.17,107126.91,107004.64,107048.32,0.59085026,106974.10720902566,107067.05892767006,107432.05786577883,48.35582430114859,-103.78919079630577,-105.42007004184379,239.8101037717026,0.07084061012294687,-9.207621140000002
2025-06-27 01:45:00,107039.44,107230.83,107039.44,107116.01,0.95180242,107002.48776722055,107071.5090251546,107430.752701977,50.30003603129263,-86.49615468923002,-101.63528697132104,236.35152493086665,0.11613043845619514,-8.255818720000002
2025-06-27 02:00:00,107104.01,107262.01,107079.55,107262.01,0.66824338,107054.39221377645,107088.82729559508,107430.2648729148,54.29657440224339,-60.31504486525955,-93.37123855010874,232.50213029294702,0.3238061798343922,-7.5875753400000026
2025-06-27 02:15:00,107266.81,107305.6,107193.88,107247.93,0.95424216,107093.09977102115,107103.2911778137,107429.51524257287,53.84687439480492,-40.23861927824328,-82.74471469573565,223.8748352720223,0.23672211647965466,-8.541817500000002
2025-06-27 02:30:00,107226.44,107294.38,107224.85,107294.38,0.29576816,107133.35581681693,107120.66288892155,107429.343259464,55.166116695158856,-20.34525314279017,-70.26482238514656,212.85020418116346,0.3089921858661334,-8.246049340000003
2025-06-27 02:45:00,107289.81,107295.25,107259.84,107295.25,0.32063695,107165.73465345355,107136.53444447413,107429.15850816925,55.191951054851366,-4.458026077772956,-57.103463123671844,200.17590388250917,0.29502812825207503,-7.925412390000003
2025-06-27 03:00:00,107301.25,107358.21,107182.11,107182.12,1.48050967,107169.01172276284,107140.67858588557,107427.5968400414,51.070899305171075,-0.9845800743787549,-45.87968651381323,198.45619646233035,0.14713432840004725,-9.405922060000002
2025-06-27 03:15:00,107183.75,107370.3,107183.75,107370.3,0.33300145,107209.26937821027,107161.55325989598,107427.51548722966,56.8433520548574,16.759511011769064,-33.35184700869677,197.7221824293073,0.1740001753996406,-9.072920610000002
2025-06-27 03:30:00,107383.47,107511.21,107380.63,107488.0,1.28913797,107265.01550256823,107191.23023626908,107427.84612978356,60.02036957796751,39.85975888824032,-18.709525829309353,193.66416939864277,0.5504700440740836,-7.783782640000002
2025-06-27 03:45:00,107477.58,107518.06,107466.94,107492.0,0.4389229,107310.41240205459,107218.5729420628,107427.96531398318,60.12779581462876,57.82308974429907,-3.40300271458767,183.48244301302512,0.8120239149544637,-7.344859740000002
2025-06-27 04:00:00,107509.96,107525.91,107414.67,107429.07,0.37655014,107334.14392164367,107237.70903823891,107427.96707181625,57.50964478386045,66.21791489084717,10.521180806499299,178.32226851209515,0.5098136150389388,-7.721409880000002
2025-06-27 04:15:00,107423.66,107423.85,107368.33,107419.33,0.70091279,107351.18113731494,107254.22003476263,107427.94156466176,57.09525850734566,71.26345692998439,22.66963603119632,169.9235350469459,0.37515236944116886,-8.422322670000002
2025-06-27 04:30:00,107431.54,107514.01,107409.1,107466.62,1.48909459,107374.26890985196,107273.52912251149,107428.18272527022,58.65302881289111,78.17681941727642,33.77107270841234,165.27971111502038,0.39075811745573247,-6.933228080000001
2025-06-27 04:45:00,107487.0,107574.65,107487.0,107509.39,0.25131628,107401.29312788157,107294.97102046499,107428.26808911802,60.06525313501551,86.11421943534515,44.23970205379891,161.19044603537597,0.36724668889366274,-6.681911800000001
2025-06-27 05:00:00,107531.22,107534.49,107490.98,107515.98,0.20241783,107424.23050230526,107315.06274587725,107428.34228814648,60.29030745701797,91.87731951290334,53.767225545619795,152.78469988999265,0.23677535037801473,-6.479493970000001
2025-06-27 05:15:00,107515.65,107540.8,107331.07,107346.24,0.47870284,107408.63240184422,107317.8970417066,107428.1783635318,52.13972533746252,81.80502106070344,59.37478464863652,156.85222132642144,0.0916661048842735,-6.958196810000001
2025-06-27 05:30:00,107370.99,107374.24,107313.01,107374.24,1.23354137,107401.75392147538,107323.01912882418,107427.90227668286,53.26217820564911,75.21498642083316,62.54282500307585,150.02206266024925,0.0744307390564171,-5.724655440000001
2025-06-27 05:45:00,107362.87,107362.87,107270.48,107270.48,0.06217748,107375.49913718032,107318.2428443856,107427.86167149681,48.70378047447589,60.91755202866625,62.217770408193935,146.71762961308923,-0.023085830919825506,-5.786832920000001
2025-06-27 06:00:00,107279.92,107370.59,107238.0,107370.59,0.29314077,107374.51730974426,107323.00167671418,107427.79210975142,52.892803369757125,57.00762420542014,61.175741167639174,145.70851321215403,0.17584089585091356,-5.493692150000001
2025-06-27 06:15:00,107342.05,107384.4,107248.19,107263.25,0.33049073,107352.2638477954,107317.5697061038,107427.56710253941,48.33497769773514,44.731895862933015,57.88697210669795,145.03004798271388,-0.09970168659303635,-5.824182880000001
2025-06-27 06:30:00,107354.28,107359.77,107328.32,107328.32,0.16987719,107347.47507823633,107318.5470055489,107427.49739049161,51.08662432288363,39.79516401780711,54.268610488919784,141.56504455537745,-0.14855611789222334,-5.654305690000001
2025-06-27 06:45:00,107314.98,107378.51,107303.49,107303.49,1.21612768,107338.67806258907,107317.17818686264,107426.87694544517,49.99246346947963,33.49310728425917,50.113509847987665,136.81182708713547,-0.1753711904141655,-6.870433370000001
2025-06-27 07:00:00,107288.5,107532.84,107288.5,107532.28,0.54317962,107377.39845007127,107336.73289714786,107427.11196489554,58.75767012534814,46.42496474618383,49.375800827626904,144.49241086662553,0.09607269242858738,-6.327253750000001
2025-06-27 07:15:00,107532.6,107757.4,107321.64,107321.64,1.74194016,107366.24676005702,107335.36081558895,107426.3631352829,50.05824064635829,39.22451159245975,47.34554298059348,165.2972386618662,-0.0909426636714289,-8.069193910000001
2025-06-27 07:30:00,107305.7,107309.53,106970.09,107007.12,2.04109393,107294.42140804563,107305.5207414445,107422.90418990217,40.43223596373469,8.046213405425078,39.4856770655598,178.60100732887597,-0.42757462735870916,-10.110287840000002
2025-06-27 07:45:00,106996.84,107014.49,106867.02,106995.05,3.05775146,107234.54712643652,107277.2961285859,107417.68049544907,40.11344636031349,-17.435771936594392,28.101387265128963,176.37736394824205,-0.4784140250446929,-13.168039300000002
2025-06-27 08:00:00,106988.58,107045.48,106829.53,106886.18,2.9878761,107164.87370114922,107241.74011689628,107411.41442088623,37.25978538875908,-45.886378436058294,13.30383412489151,179.20398080908168,-0.5857733892208423,-16.1559154
2025-06-27 08:15:00,106886.41,106893.08,106719.43,106719.43,0.94143507,107075.78496091938,107194.25737899661,107408.85344363801,33.346794830428905,-80.95581226398645,-5.5480951528840805,178.80726789414788,-0.5839142572669636,-17.097350470000002
2025-06-27 08:30:00,106715.08,106886.02,106690.25,106886.02,1.55490191,107037.83196873551,107166.23579908782,107405.67701704103,40.11333057726279,-94.22006028002943,-23.28248817831315,180.01889161599476,-0.4546900634640126,-15.542448560000002
2025-06-27 08:45:00,106896.63,107106.99,106876.88,107010.44,1.42652958,107032.35357498842,107152.07254462529,107403.48624645424,44.63411252542827,-93.61330234068737,-37.348651010788,183.59682792913804,-0.24241524788552604,-14.115918980000002
2025-06-27 09:00:00,107011.83,107011.83,106794.8,106822.33,0.85621411,106990.34885999074,107122.09594965936,107401.55920375523,39.74858522288852,-107.07702985442302,-51.294326779515,185.98491164848525,-0.5106239986201014,-14.972133090000002
2025-06-27 09:15:00,106821.28,106944.19,106821.28,106843.42,0.1888174,106960.9630879926,107096.7617724176,107401.15137003339,40.53447060356485,-114.72289010188251,-63.98003944398851,181.47956081645086,-0.3914015284824968,-14.783315690000002
2025-06-27 09:30:00,106999.57,107077.85,106990.58,107043.0,1.57549264,106977.37047039409,107091.87433856145,107398.98096024212,47.511651613455186,-103.48494140570983,-71.88101983633278,185.26173504384775,-0.26583850376117596,-13.207823050000002
2025-06-27 09:45:00,107049.82,107118.3,107041.74,107098.27,0.37194634,107001.55037631528,107092.45576232858,107398.55135714456,49.28624002435653,-89.09196232573595,-75.32320833421342,177.49732539785848,-0.19125193411696223,-12.835876710000003
2025-06-27 10:00:00,107096.37,107156.41,106958.58,107121.41,2.70702286,107025.52230105223,107095.08796575325,107395.69942723459,50.04770296370469,-74.9541928206163,-75.249405231494,178.94965929801157,-0.3820899175577746,-10.128853850000002
2025-06-27 10:15:00,107111.36,107111.36,106967.37,107070.17,1.76668201,107034.4518408418,107092.82269613932,107393.52778989785,48.317650712569616,-67.11093531294318,-73.62171124778384,177.17039791958274,-0.23431434704128748,-11.895535860000003
2025-06-27 10:30:00,107068.93,107068.93,106989.6,107030.96,1.03659149,107033.75347267344,107087.19881467211,107392.11414963061,46.97934769451286,-63.32899925636593,-71.56316884950026,170.27036949675488,0.02227889134854864,-12.932127350000002
2025-06-27 10:45:00,107038.43,107061.15,106972.38,107010.86,0.95786768,107029.17477813877,107080.25892242919,107390.74547487455,46.27181087975492,-61.247664747570525,-69.50006802911432,164.4489145327002,0.014776384514982395,-13.889995030000001
2025-06-27 11:00:00,107031.07,107058.31,106996.02,107044.31,0.20006134,107032.20182251101,107076.99083857198,107390.4859134325,47.683900196811095,-56.25063440880331,-66.85018130505212,157.15184920893543,0.14794241874862088,-13.689933690000002
2025-06-27 11:15:00,107097.39,107132.47,106923.54,106931.95,0.599284,107012.15145800881,107063.8053077927,107389.45911055435,43.54401126436079,-60.65774016152136,-65.61169307634597,160.85028855115485,0.19913899465168064,-14.289217690000003
2025-06-27 11:30:00,106944.52,107010.29,106944.52,106977.4,0.38951821,107005.20116640705,107055.95027981154,107388.86023487874,45.60137774723591,-59.79370347020449,-64.44809515511767,154.95669651178642,0.08549293911401144,-13.899699480000002
2025-06-27 11:45:00,107001.53,107029.46,106921.37,107023.21,0.90243796,107008.80293312565,107052.97389073778,107387.63315536224,47.67129377571386,-54.780982946031145,-62.51467271330037,151.60907533237392,0.011933415094830068,-12.997261520000002
2025-06-27 12:00:00,107003.48,107003.48,106929.3,106982.67,0.55643992,107003.57634650053,107046.58262794343,107386.79692571395,46.003049717715335,-53.463313214015216,-60.70440081344334,147.48771280863318,0.15009970293663927,-13.553701440000003
2025-06-27 12:15:00,106961.92,107200.65,106916.13,107135.58,0.86252244,107029.97707720043,107054.6732981304,107385.99538942766,52.723316013026576,-39.623733643762534,-56.488267379507185,157.27573332230148,0.27344688142704854,-12.691179000000004
2025-06-27 12:30:00,107032.0,107032.0,106742.96,106760.45,3.96667682,106976.07166176035,107027.92572557308,107376.94925036267,39.67702766063131,-58.25410596173606,-56.84143509595296,174.08603808499387,-0.26395934344142347,-16.65785582
2025-06-27 12:45:00,106727.93,106820.91,106611.55,106667.66,2.05195,106914.3893294083,106995.17429597552,107371.68264211604,37.22342280576204,-79.58873833663529,-61.39089574408943,176.60560679320864,-0.4020699867514205,-18.709805820000003
2025-06-27 13:00:00,106654.05,106843.91,106611.55,106767.22,2.33300877,106884.95546352664,106974.45117815956,107366.62234899108,41.40998455467477,-87.45480372053862,-66.60367733937926,180.58806345083664,-0.3306435193487486,-16.376797050000004
2025-06-27 13:15:00,106771.21,106833.99,106656.58,106686.2,1.64449441,106845.20437082132,106948.2465255996,107362.63076208218,39.12339389645011,-99.08417342338362,-73.09977655618013,180.36105891863426,-0.3586152893938631,-18.021291460000004
2025-06-27 13:30:00,106719.41,106993.94,106679.9,106831.71,5.51486479,106842.50549665706,106937.65229599964,107352.3874996854,44.99761346117428,-95.45870326551085,-77.57156189804627,189.90955471016096,-0.18616108834303643,-12.506426670000003
2025-06-27 13:45:00,106817.07,106850.9,106384.06,106825.51,5.66952738,106839.10639732565,106927.45754181786,107342.140409872,44.79925348275196,-92.02497361741553,-80.46224424192013,209.6903008022921,-0.17320671939278484,-18.17595405
2025-06-27 14:00:00,106837.28,107111.31,106719.64,106719.97,6.19101267,106815.27911786054,106908.59503801624,107329.20178039363,41.44963484530362,-96.70515724223515,-83.71082684198313,222.68885074498536,-0.30299602099354606,-24.36696672
2025-06-27 14:15:00,106761.37,106761.37,106428.37,106505.15,3.41078905,106753.25329428844,106871.9182163784,107319.86753626318,35.61285070749449,-116.40655287714617,-90.24997204901574,230.56821854891498,-0.3991323453841466,-27.77775577
2025-06-27 14:30:00,106497.2,106693.1,106393.88,106577.97,3.59674462,106718.19663543075,106845.19565125307,107311.11031151624,38.76090582108842,-124.70654600561829,-97.14128684033625,235.47191722399256,-0.37337792842225836,-24.18101115
2025-06-27 14:45:00,106577.97,106633.34,106462.51,106554.08,1.3487209,106685.37330834461,106818.73059204825,107307.77427903611,38.10271888979221,-131.6939873911033,-104.05182695048966,230.85463742227893,-0.4383441685219539,-25.52973205
2025-06-27 15:00:00,106550.52,106668.29,106494.4,106585.96,1.10771846,106665.4906466757,106797.56962913476,107305.17123944963,39.577212650633236,-133.12455842086638,-109.86637324456501,226.78573474925898,-0.37081706784845797,-24.42201359
2025-06-27 15:15:00,106595.97,106794.02,106514.44,106793.93,1.88618463,106691.17851734057,106797.23875375887,107302.05107617102,48.239573567702614,-116.13808776416408,-111.12071614848483,230.5567536957406,-0.3188949926812444,-22.53582896
2025-06-27 15:30:00,106776.81,107264.09,106756.88,107200.49,2.98690956,106793.04081387246,106833.89795796262,107301.07891241439,60.23986956926372,-69.0739516340982,-102.71136324560752,250.31769986033,0.4121751079168439,-19.5489194
2025-06-27 15:45:00,107192.72,107423.4,107067.95,107309.91,4.91591843,106896.41465109798,106877.17177996601,107301.21588079391,62.74340650057609,-22.68451219734561,-86.70599303595513,257.82714987030624,0.6021037679086614,-14.63300097
2025-06-27 16:00:00,107318.38,107390.4,107153.86,107172.21,2.92116457,106951.5737208784,106903.99343633273,107300.03777924753,57.810165547002036,2.9343877852661535,-68.77791687171089,256.3066391652839,0.3793205442644336,-17.55416554
2025-06-27 16:15:00,107201.06,107380.18,107111.01,107380.18,1.91532305,107037.29497670272,106947.28312393885,107300.51478974342,62.59381245709455,39.56293463447946,-47.10974657047282,257.2254506534778,0.6504871295443984,-15.63884249
2025-06-27 16:30:00,107394.2,107759.84,107369.17,107497.71,6.66354636,107129.37798136218,106997.32193085349,107304.51538817793,65.00842531781743,77.18526695641049,-22.25074386509616,266.7572041782293,0.6234104087634654,-8.97529613
2025-06-27 16:45:00,107473.74,107563.02,107425.24,107476.8,2.4570499,107198.86238508976,107040.91084623044,107305.79461319171,64.21423361374006,104.11381487865583,3.0221678836542374,257.54454673692715,0.6096764714720372,-11.43234603
2025-06-27 17:00:00,107464.08,107464.08,107188.33,107235.98,1.54463807,107206.2859080718,107058.64440566403,107305.47024589562,55.76460648815716,104.81448558834381,23.380631424592153,259.75350768428956,0.4835177521133062,-12.9769841
2025-06-27 17:15:00,107254.88,107309.15,106979.23,106979.25,2.15315,107160.87872645745,107051.42673242185,107303.37108580364,48.445933807868364,83.68909100946621,35.44232334156697,264.7653999925545,0.44514279356444814,-15.1301341
2025-06-27 17:30:00,106985.11,107056.83,106767.16,106767.16,2.84362493,107082.13498116596,107025.58430220168,107298.85259617127,43.3807104883417,49.26527370681288,38.20691341461615,266.54429999308616,0.1775132328003642,-17.97375903
2025-06-27 17:45:00,106733.14,106926.14,106478.24,106871.29,4.93601971,107039.96598493277,107011.55754745608,107292.68870068883,46.3467547103523,30.040285521477927,36.57358783598851,279.49827856500815,0.29769859586793096,-13.03773932
2025-06-27 18:00:00,106871.61,106987.24,106809.0,106827.0,2.03731265,106997.37278794622,106994.77958859643,107289.93411968618,45.26070667994777,11.102527991402894,31.47937586707139,272.26554438179363,0.22614610779880723,-15.07505197
2025-06-27 18:15:00,106864.61,106920.35,106611.54,106659.01,2.9474692,106929.70023035698,106964.2550805422,107284.5807421781,41.306905744978884,-17.26218264318595,21.731064165019923,274.8758626402378,-0.1263367683912356,-18.02252117
2025-06-27 18:30:00,106659.02,106682.62,106448.32,106556.48,2.46139115,106855.05618428558,106927.18461867473,107279.45794516322,39.06394447830101,-47.46755783959816,7.8913397640963066,271.97758673736286,-0.6007528510364172,-20.48391232
2025-06-27 18:45:00,106565.9,106706.98,106500.61,106706.98,2.35858793,106825.44094742846,106907.16601697703,107275.62416068422,43.88097556308507,-58.58609900099691,-5.404147988922337,267.2913305418366,-0.5618586391508552,-18.125324390000003
2025-06-27 19:00:00,106710.03,106913.36,106590.55,106867.66,1.73893984,106833.88475794278,106903.57456088821,107273.61976061853,48.55665094001522,-53.81178111888585,-15.085674614915039,271.2569497888481,-0.2841688157778988,-16.386384550000002
2025-06-27 19:15:00,106861.06,106881.56,106729.19,106794.97,1.69712337,106826.10180635424,106893.70141898928,107271.33557380264,46.66256208555297,-55.25661148340441,-23.119861988612914,262.76502480393003,-0.5449888424474535,-18.083507920000002
2025-06-27 19:30:00,106772.55,106836.4,106716.27,106836.4,1.12656216,106828.1614450834,106888.49219908116,107269.96214271267,47.90975313973044,-52.45393884611258,-28.98667736011285,252.57680874650575,-0.6151851978986456,-16.956945760000004
2025-06-27 19:45:00,106832.84,107026.13,106815.6,106817.43,2.52085243,106826.01515606673,106882.0319991647,107266.7869820817,47.36363954847389,-51.173623374212184,-33.42406656293272,249.5734652646124,-0.6134998436872049,-19.477798190000005
2025-06-27 20:00:00,106833.14,107104.8,106797.65,107036.3,0.9092761,106868.07212485338,106896.05636287699,107266.20512907558,53.893775236095294,-32.12763691190048,-33.16478063272628,253.68607488856927,-0.186206159537119,-18.568522090000005
2025-06-27 20:15:00,107096.67,107096.67,107017.63,107059.24,0.2877496,106906.30569988271,106910.89123897908,107266.03991912617,54.53049515590243,-15.009469319920754,-29.533718370165175,241.211355253671,0.07477150942823514,-18.280772490000004
2025-06-27 20:30:00,107096.93,107137.92,107010.93,107133.02,1.52834143,106951.64855990619,106931.08476270825,107265.47832322418,56.60611278405196,4.458832574877306,-22.73520818115668,233.0526870212663,0.34267091116781656,-16.752431060000003
2025-06-27 20:45:00,107119.12,107162.99,107011.07,107142.78,0.81682211,106989.87484792495,106950.32978428023,107265.20209112554,56.88648591948846,20.4395382465882,-14.100258895607706,227.25749509117574,0.2540345494098605,-15.935608950000002
2025-06-27 21:00:00,107166.83,107244.97,107133.61,107175.7,0.97901099,107027.03987833996,106970.81798570929,107264.9612345615,57.875132531231245,35.35320179852715,-4.209566756780735,218.97910258466322,0.3264156065414147,-14.956597960000002
2025-06-27 21:15:00,107082.79,107251.85,107082.79,107222.3,0.40809819,107066.09190267198,106993.67998700845,107264.91343224741,59.297967499093865,50.3521894611913,6.702784486813672,215.41345240004532,0.528122284277726,-14.548499770000001
2025-06-27 21:30:00,107169.87,107286.32,107109.26,107169.78,1.24630267,107086.82952213759,107009.68907909859,107264.58900006727,56.96273410245122,57.34008931700373,16.830245452851685,212.67392008575726,0.5755633068960263,-15.794802440000002
2025-06-27 21:45:00,107146.03,107154.1,107074.37,107134.01,0.17973454,107096.26561771007,107020.99098099873,107264.52481136749,55.36356840409445,59.30804402662034,25.325805167605417,204.29792579391773,0.40018937842678975,-15.974536980000002
2025-06-27 22:15:00,107203.29,107203.29,107189.08,107189.08,0.00046588,107114.82849416808,107036.27180090794,107264.52471523802,57.348815440619056,64.56706217203464,33.17405656849127,194.65378823720923,0.300764515663577,-15.974071100000002
2025-06-27 22:30:00,107181.75,107181.75,107111.84,107121.32,0.09698045,107116.12679533448,107044.00345537085,107264.48674183851,54.15710465995228,62.54621243214933,39.048487741222885,186.26708907740894,0.30558555332709564,-16.07105155
2025-06-27 22:45:00,107120.45,107120.45,107104.07,107104.07,0.04722919,107113.7154362676,107049.46405033715,107264.46602888289,53.34319078117392,58.874079873174196,43.01360616761315,174.194439857594,0.2505419501218806,-16.11828074
2025-06-27 23:00:00,107102.41,107162.37,107084.86,107104.29,0.09371967,107111.83034901408,107054.44822757923,107264.42499913028,53.35281945954019,55.34367311188544,45.479619556467604,167.28840843919406,0.26855167738074265,-16.02456107
2025-06-27 23:15:00,107111.59,107111.59,107021.29,107032.3,0.77912843,107095.92427921128,107052.43475234475,107263.93173703755,49.73576829282025,46.20419575634878,45.62453479644384,161.78923640782324,-0.0037370499540809988,-16.8036895
2025-06-27 23:30:00,107012.82,107032.32,106976.88,107023.01,0.40179974,107081.34142336903,107049.75977485886,107263.66800873197,49.271550555112476,37.77601041216985,44.05482991958905,154.19286237869318,-0.03384107714570968,-17.205489240000002
2025-06-27 23:45:00,107017.07,107060.18,107017.06,107032.58,0.45493009,107071.58913869523,107048.19797714442,107263.38194997709,49.79144067826435,31.505654254637193,41.54499478659868,146.25908649450048,-0.09375260773942742,-16.75055915
2025-06-28 00:00:00,107056.99,107087.84,106870.86,106870.86,1.06802498,107031.4433109562,107032.07634285856,107262.24453682847,41.96470554134595,13.333202515772427,35.902636332433424,151.3105803163216,-0.2537921827303699,-17.81858413
2025-06-28 00:15:00,106854.44,107009.83,106849.41,107009.83,0.26797635,107027.12064876496,107030.05394805325,107262.06115002789,49.33486904352572,10.029507250103052,30.72801051596735,151.9612531508699,-0.15476455950368914,-17.55060778
2025-06-28 00:30:00,106960.79,107131.3,106960.79,107124.74,0.46860707,107046.64451901198,107038.6617709575,107261.88690832695,54.48225910866721,16.493455321149668,27.881099477003815,153.28616364009414,-0.09098853503422112,-17.08200071
2025-06-28 00:45:00,107160.75,107176.64,106977.45,106977.45,0.37011018,107032.8056152096,107033.09706450682,107261.60214254711,47.781313191306495,9.620212866037036,24.228922154810462,156.56500909437332,-0.17946290456134345,-17.45211089
2025-06-28 01:00:00,106998.44,107036.25,106925.57,106925.57,0.55372089,107011.35849216768,107023.32187682437,107261.09957720333,45.65147219842308,-0.013013705523917452,19.380534982743587,153.28750844477472,-0.19456006547312826,-18.00583178
2025-06-28 01:15:00,106916.85,106939.18,106829.52,106836.8,0.45880145,106976.44679373415,107006.36534256762,107260.57443086857,42.186398420871804,-14.641632658123854,12.576101454570098,150.17125784157574,-0.32865288143157756,-18.46463323
2025-06-28 01:30:00,106848.99,107025.57,106844.21,107025.57,0.61650619,106986.27143498733,107008.11122051602,107260.18424209348,50.747630442684496,-10.8773696419521,7.885407235265658,152.92831085289205,-0.08938463416992994,-17.84812704
2025-06-28 01:45:00,107031.82,107135.21,106996.93,107118.79,1.03292534,107012.77514798987,107018.17292774183,107259.79199884197,54.34323701356627,-0.3678488214063691,6.234756023931253,151.88200293482927,0.013743642048324225,-16.815201700000003
2025-06-28 02:00:00,107085.91,107087.96,107016.6,107073.38,0.24163143,107024.89611839192,107023.19175249257,107259.67110606057,52.33878457532102,4.247848104336299,5.837374440012263,148.33257415376917,-0.02885972167873849,-17.056833130000005
2025-06-28 02:15:00,107073.38,107203.53,107073.38,107203.53,0.40735935,107060.62289471354,107039.5861386296,107259.60979241086,57.21032784757327,18.198062526455033,8.309512057300818,147.03381885707094,0.15997974443228438,-16.649473780000005
2025-06-28 02:30:00,107209.06,107209.06,107150.0,107150.0,0.13051698,107078.49831577083,107049.62376239055,107259.57145145412,54.732427065936825,24.650132942348137,11.577636234310283,140.74997465299427,0.11865672624980857,-16.779990760000004
2025-06-28 02:45:00,107138.66,107138.66,107110.68,107110.68,0.02142051,107084.93465261668,107055.17432944596,107259.56290430634,52.91931503562462,26.28762249391002,14.519633486230232,133.50497646349518,0.07296843633965588,-16.801411270000003
2025-06-28 03:00:00,107111.96,107111.96,107108.65,107109.29,0.10022927,107089.80572209336,107060.09393585996,107259.52255089526,52.85266003192432,27.16009866684908,17.047726522354004,124.20533528753211,0.22310103989056793,-16.901640540000002
2025-06-28 03:15:00,107109.04,107219.04,107108.66,107219.04,0.31240223,107115.6525776747,107074.54357805451,107259.48869583018,57.41369037987201,36.28913158107025,20.896007534097254,123.21781133842197,0.19550540356899163,-16.589238310000002
2025-06-28 03:30:00,107228.41,107266.81,107204.93,107266.81,0.12117261,107145.88406213975,107092.02234368591,107259.49106990127,59.26104815854411,46.838668689568294,26.084539765191465,118.83653909996359,0.13262109200917774,-16.468065700000004
2025-06-28 03:45:00,107281.89,107363.91,107281.89,107298.0,0.28211363,107176.30724971181,107110.747585169,107259.52012073333,60.4668804476672,57.05829270690447,32.279290353534066,117.28392916425231,0.2996425882277087,-16.185952070000003
2025-06-28 04:00:00,107298.02,107301.82,107243.71,107243.71,0.1386392,107189.78779976946,107122.83507742635,107259.51426160098,57.28830738044275,60.08405747596407,37.84024377802007,113.05721993823433,0.2975340697271938,-16.324591270000003
2025-06-28 04:15:00,107190.15,107201.41,107190.12,107191.43,0.17152634,107190.11623981557,107129.0709794785,107259.48305901777,54.326694193493736,57.599467964828364,41.79208861538173,108.80956137121838,0.3319361867820733,-16.496117610000002
2025-06-28 04:30:00,107218.62,107218.62,107200.63,107200.8,0.07496284,107192.25299185247,107135.59179952591,107259.47130774797,54.77792786327375,55.7439124451048,44.582453381326346,102.9795927018458,0.16372722892295358,-16.42115477
2025-06-28 04:45:00,107200.8,107201.61,107184.89,107200.6,0.16956432,107193.92239348197,107141.50163593264,107259.44465343434,54.76549070609827,53.63891695305938,46.39374609567295,96.81819322314261,0.07637315544734237,-16.59071909
2025-06-28 05:00:00,107195.27,107323.25,107195.27,107308.14,0.37163208,107216.76591478559,107156.65057812059,107259.49292587624,60.02161352685663,59.957123710541055,49.10642161864658,99.04403656434643,0.21925150770433768,-16.21908701
2025-06-28 05:15:00,107297.42,107297.42,107266.14,107287.43,0.00963711,107230.89873182848,107168.53961647327,107259.49364402625,58.60921811133277,62.57193386286963,51.79952406749119,94.96946252403598,0.07826234826408625,-16.22872412
2025-06-28 05:30:00,107288.44,107288.44,107270.66,107270.66,0.09199468,107238.85098546279,107177.82328770298,107259.49638342386,57.430715611775646,62.5697260464367,53.9535644632803,89.45592948660475,0.11260849276715212,-16.320718799999998
2025-06-28 05:45:00,107258.52,107371.28,107258.52,107371.28,0.18352563,107265.33678837024,107195.41026154815,107259.551065283,62.32564408827481,69.88161763134121,57.13917509689249,91.1205059518469,0.24329973444292002,-16.13719317
2025-06-28 06:00:00,107393.57,107393.57,107379.18,107391.11,0.26563464,107290.49143069622,107213.20114686196,107259.64414735943,63.22317077086938,76.3958162505005,60.99050332761409,86.20404124100128,0.26311443199745516,-15.87155853
2025-06-28 06:15:00,107382.98,107443.99,107382.98,107430.31,0.14875842,107318.45514455698,107232.93831532905,107259.71174276117,64.99833396687052,83.7559910518321,65.5436008724577,84.40446686664471,0.19704522629563193,-15.72280011
2025-06-28 06:30:00,107408.25,107424.67,107390.82,107399.35,0.35746697,107334.6341156456,107248.06665029914,107259.84451771395,62.43507657124989,86.0982819525525,69.65453708847667,81.19629066188371,0.12356105304148428,-16.08026708
2025-06-28 06:45:00,107416.14,107436.99,107393.1,107436.99,0.08249935,107355.10529251648,107265.24150027195,107259.883382934,64.27942019988623,89.95485423144419,73.71460051707018,78.53155561460626,0.12953643124755843,-15.997767729999998
2025-06-28 07:00:00,107437.4,107437.4,107422.56,107422.56,0.10654937,107368.5962340132,107279.5431820654,107259.92946516532,63.00234219016853,90.80014756412129,77.1317099264804,73.98215878499127,0.16676968747163937,-16.1043171
2025-06-28 07:15:00,107444.0,107463.36,107427.97,107463.36,0.2534216,107387.54898721057,107296.25380187764,107260.06643494,65.11286154903219,93.68235575850122,80.44183909288456,71.61200458606353,0.25368632548330367,-15.8508955
2025-06-28 07:45:00,107468.63,107530.48,107468.6,107491.45,0.16912416,107408.32918976847,107313.99891079785,107260.17035706837,66.5285443885737,97.11368860870425,83.7762089960485,71.2911471156301,0.2711267080096363,-15.68177134
2025-06-28 08:00:00,107463.78,107496.54,107408.71,107496.54,0.10036969,107425.97135181479,107330.59355527078,107260.23334370376,66.7915109103826,99.10138598582125,86.84124439400304,72.47249375022703,0.27606188771330364,-15.581401649999998
2025-06-28 08:15:00,107473.82,107473.82,107426.48,107426.48,0.14483177,107426.07308145185,107339.31050479162,107260.29724415466,59.82456489471621,93.94050631279242,88.26109677776093,72.30017276806778,0.11028054348905544,-15.726233419999998
2025-06-28 08:45:00,107378.14,107390.87,107364.78,107364.78,0.07605703,107413.81446516149,107341.62591344691,107260.31832963474,54.43900262392676,83.90459766511049,87.38979695523085,71.54301757034844,0.07209605076755574,-15.802290449999997
2025-06-28 09:15:00,107314.72,107332.67,107314.72,107315.24,0.06204701,107394.0995721292,107339.22719404264,107260.32737013813,50.5074636547988,71.13361969140533,84.13856150246575,70.00851631532338,0.041558427998859844,-15.864337459999998
2025-06-28 09:30:00,107303.91,107315.84,107303.91,107315.84,0.01526838,107378.44765770336,107337.10108549331,107260.32961865004,50.55403976027693,60.36509142491559,79.38386748695572,65.86005086422834,-0.05163391923799579,-15.849069079999998
2025-06-28 10:00:00,107322.33,107356.85,107318.74,107340.05,0.25766588,107370.7681261627,107337.36916863029,107260.38407392426,52.496608091031504,53.17157108594256,74.1414082067531,64.08504723106984,-0.047545835032338966,-15.591403199999998
2025-06-28 10:15:00,107362.98,107386.04,107350.92,107351.9,0.16053097,107366.99450093017,107338.69015330027,107260.42300392331,53.460385005675235,47.87497741766856,68.8881220489362,62.79254385742133,-0.0729868507314216,-15.430872229999999
2025-06-28 10:30:00,107389.99,107389.99,107271.11,107291.76,0.06625219,107351.94760074414,107334.42377572751,107260.42850452563,48.124041829560284,38.38214787794277,62.78692721473752,66.79879072474871,-0.10017751504083688,-15.497124419999999
2025-06-28 10:45:00,107281.04,107317.7,107281.04,107317.7,0.03014613,107345.09808059531,107332.90343247955,107260.43307844021,50.422757557157865,32.57663017156301,56.74486780610262,64.64601995869548,-0.11103252241151595,-15.466978289999998
2025-06-28 11:15:00,107277.83,107314.67,107277.83,107314.67,0.08923272,107339.01246447625,107331.24584770868,107260.4458968594,50.14325294381544,27.415194587680162,50.878933162418136,62.876304247359755,-0.10043514137067616,-15.556211009999998
2025-06-28 11:30:00,107339.98,107354.94,107339.98,107354.94,0.06024599,107342.197971581,107333.39986155333,107260.46097260727,53.80806906470775,26.271332582226023,45.95741304637972,61.26156822969149,-0.10089020108807155,-15.495965019999998
2025-06-28 11:45:00,107351.67,107388.86,107351.67,107381.44,0.13881672,107350.0463772648,107337.76714686667,107260.50542941333,56.09519075321427,27.189716109773144,42.2038736590584,59.542170498999404,-0.10234302356140397,-15.357148299999999
2025-06-28 12:00:00,107385.49,107385.49,107322.23,107322.23,0.07250941,107344.48310181184,107336.35467896968,107260.51727497029,50.12348642097508,22.876088205593987,38.33831656836552,59.80772974907154,-0.1621540563072985,-15.429657709999999
2025-06-28 12:15:00,107293.82,107296.81,107292.82,107296.81,0.03009444,107334.94848144948,107332.75970815425,107260.52016547906,47.77216108027861,17.207962774045882,34.112245809501594,57.636463338422786,-0.12070580735773735,-15.459752149999998
2025-06-28 12:30:00,107296.81,107308.07,107296.81,107303.25,0.04864863,107328.6087851596,107330.07700741295,107260.52566613349,48.43216326122855,13.084753814604483,29.906747410522176,54.32385881425039,-0.05730929640055038,-15.411103519999998
2025-06-28 12:45:00,107303.25,107375.03,107303.25,107317.71,0.0203098,107326.42902812768,107328.95273401178,107260.52873919964,49.961197913576584,10.858709714564611,26.097139871330665,55.57072604180386,0.002301630225121021,-15.390793719999998
2025-06-28 13:15:00,107287.75,107287.75,107193.3,107199.24,0.06926193,107300.99122250214,107317.16066728343,107260.51750906692,39.6009755241364,-0.45968620099301916,20.78577465686593,60.487817038818115,-0.10865124850161101,-15.460055649999997
2025-06-28 13:30:00,107180.04,107180.04,107108.12,107129.36,0.58095126,107266.66497800172,107300.08787934858,107260.316240706,34.99172063775862,-14.896609653922496,13.649297794708245,62.67583010747467,-0.19628274814479993,-16.041006909999997
2025-06-28 13:45:00,107139.81,107139.81,107127.91,107127.91,0.01253743,107238.91398240137,107284.43534486234,107260.31185595186,34.900946562056774,-26.153497149483883,5.68873880586982,59.04898509979749,-0.20865024279960645,-16.053544339999995
2025-06-28 14:00:00,107127.9,107207.75,107127.9,107205.24,0.02725288,107232.1791859211,107277.23576805668,107260.30789190186,43.3424367601765,-28.506175419213832,-1.1502440391469113,60.5347718783838,-0.0806399298510804,-16.026291459999996
2025-06-28 14:15:00,107205.23,107258.2,107203.32,107220.23,0.31820392,107229.78934873689,107272.05342550608,107260.27423744691,44.83571503249645,-28.828801694136928,-6.685955570144915,60.13085960135568,-0.09082378768833209,-15.708087539999996
2025-06-28 15:15:00,107220.22,107281.72,107202.46,107281.72,0.36684802,107240.1754789895,107272.93220500552,107260.29497892028,50.58874079750397,-23.84785302983073,-10.118335062082078,61.49722677268704,-0.030704096653325304,-15.341239519999995
